{"vertexNormalIndices":[0,0,0,1,1,1,2,2,2,3,3,3,4,4,4,5,5,5,6,6,6,7,7,7,8,8,8,9,9,9,10,10,10,11,11,11,12,12,12,13,13,13,14,14,14,15,15,15,16,16,16,17,17,17,18,18,18,19,19,19,20,20,20,21,21,21,22,22,22,23,23,23,24,24,24,25,25,25,26,26,26,27,27,27,28,28,28,29,29,29,30,30,30,31,31,31,32,32,32,33,33,33,34,34,34,35,35,35,36,36,36,37,37,37,38,38,38,39,39,39,40,40,40,41,41,41,42,42,42,43,43,43,44,44,44,45,45,45,46,46,46,47,47,47,48,48,48,49,49,49,50,50,50,51,51,51,52,52,52,53,53,53,54,54,54,55,55,55,56,56,56,57,57,57,58,58,58,59,59,59,60,60,60,61,61,61,62,62,62,63,63,63,64,64,64,65,65,65,66,66,66,67,67,67,68,68,68,69,69,69,70,70,70,71,71,71,72,72,72,73,73,73,74,74,74,75,75,75,76,76,76,77,77,77,78,78,78,79,79,79],"vertexNormals":[0.1023808,-0.3150898,-0.9435235,0.7002239,-0.2680318,-0.6616989,-0.2680341,-0.1947365,-0.9435229,-0.2680341,0.1947365,-0.9435229,0.1023808,0.3150898,-0.9435235,0.9049892,-0.2680314,-0.3303846,0.02474659,-0.9435213,-0.3303864,-0.8896974,-0.3150947,-0.3303847,-0.574602,0.7487835,-0.3303876,0.534576,0.7778645,-0.3303867,0.802609,-0.5831265,-0.1256273,-0.3065689,-0.9435216,-0.125629,-0.9920774,0,-0.1256283,-0.3065689,0.9435216,-0.125629,0.802609,0.5831265,-0.1256273,0.408946,-0.6284251,0.6616986,-0.4712998,-0.5831221,0.6616986,-0.7002239,0.2680318,0.6616989,0.03853034,0.7487791,0.6616988,0.7240421,0.1947361,0.6616955,0.2680341,0.1947365,0.9435229,0.4911195,0.356821,0.7946575,0.408946,0.6284253,0.6616986,-0.1023808,0.3150899,0.9435235,-0.1875938,0.5773454,0.7946577,-0.4712998,0.5831222,0.6616986,-0.3313045,0,0.9435239,-0.6070606,0,0.7946557,-0.7002239,-0.2680319,0.6616989,-0.1023808,-0.3150899,0.9435235,-0.1875939,-0.5773454,0.7946577,0.03853034,-0.7487791,0.6616988,0.2680341,-0.1947366,0.9435229,0.4911196,-0.356821,0.7946575,0.7240421,-0.1947361,0.6616955,0.8896973,0.3150947,0.3303848,0.7946557,0.5773479,0.187595,0.574602,0.7487835,0.3303875,-0.02474659,0.9435213,0.3303865,-0.3035309,0.9341715,0.1875973,-0.534576,0.7778646,0.3303866,-0.9049891,0.2680313,0.3303845,-0.9822458,0,0.1875985,-0.9049891,-0.2680313,0.3303845,-0.534576,-0.7778646,0.3303866,-0.3035309,-0.9341715,0.1875974,-0.02474659,-0.9435213,0.3303865,0.574602,-0.7487835,0.3303875,0.7946557,-0.5773479,0.1875951,0.8896973,-0.3150947,0.3303848,0.3065689,0.9435216,0.1256287,0.3035309,0.9341715,-0.1875974,0.02474659,0.9435213,-0.3303864,-0.802609,0.5831265,0.1256273,-0.7946557,0.5773479,-0.1875951,-0.8896974,0.3150947,-0.3303847,-0.802609,-0.5831265,0.1256273,-0.7946557,-0.5773479,-0.187595,-0.574602,-0.7487835,-0.3303875,0.3065689,-0.9435216,0.1256287,0.3035309,-0.9341715,-0.1875973,0.5345759,-0.7778645,-0.3303867,0.9920774,0,0.1256283,0.9822458,0,-0.1875985,0.9049891,0.2680313,-0.3303845,0.4712998,0.5831221,-0.6616986,0.1875942,0.5773454,-0.7946577,-0.03853058,0.7487792,-0.6616986,-0.408946,0.6284253,-0.6616986,-0.4911196,0.356821,-0.7946575,-0.7240421,0.1947361,-0.6616955,-0.7240421,-0.1947361,-0.6616955,-0.4911196,-0.356821,-0.7946575,-0.408946,-0.6284253,-0.6616986,0.7002239,0.2680319,-0.6616989,0.6070606,0,-0.7946556,0.3313045,0,-0.9435239,-0.03853058,-0.7487792,-0.6616986,0.1875942,-0.5773454,-0.7946577,0.4712998,-0.5831221,-0.6616986],"vertexPositionIndices":[0,13,12,1,13,15,0,12,17,0,17,19,0,19,16,1,15,22,2,14,24,3,18,26,4,20,28,5,21,30,1,22,25,2,24,27,3,26,29,4,28,31,5,30,23,6,32,37,7,33,39,8,34,40,9,35,41,10,36,38,38,41,11,38,36,41,36,9,41,41,40,11,41,35,40,35,8,40,40,39,11,40,34,39,34,7,39,39,37,11,39,33,37,33,6,37,37,38,11,37,32,38,32,10,38,23,36,10,23,30,36,30,9,36,31,35,9,31,28,35,28,8,35,29,34,8,29,26,34,26,7,34,27,33,7,27,24,33,24,6,33,25,32,6,25,22,32,22,10,32,30,31,9,30,21,31,21,4,31,28,29,8,28,20,29,20,3,29,26,27,7,26,18,27,18,2,27,24,25,6,24,14,25,14,1,25,22,23,10,22,15,23,15,5,23,16,21,5,16,19,21,19,4,21,19,20,4,19,17,20,17,3,20,17,18,3,17,12,18,12,2,18,15,16,5,15,13,16,13,0,16,12,14,2,12,13,14,13,1,14],"vertexPositions":[0,0,-1,0.7236073,-0.5257253,-0.4472195,-0.276388,-0.8506492,-0.4472199,-0.8944262,0,-0.4472156,-0.276388,0.8506492,-0.4472199,0.7236073,0.5257253,-0.4472195,0.276388,-0.8506492,0.4472199,-0.7236073,-0.5257253,0.4472195,-0.7236073,0.5257253,0.4472195,0.276388,0.8506492,0.4472199,0.8944262,0,0.4472156,0,0,1,-0.1624555,-0.4999952,-0.8506544,0.4253227,-0.3090114,-0.8506542,0.2628688,-0.8090116,-0.5257377,0.8506479,0,-0.5257359,0.4253227,0.3090114,-0.8506542,-0.5257298,0,-0.8506517,-0.6881894,-0.4999969,-0.5257362,-0.1624555,0.4999952,-0.8506544,-0.6881894,0.4999969,-0.5257362,0.2628688,0.8090116,-0.5257377,0.9510579,-0.3090126,0,0.9510579,0.3090126,0,0,-1,0,0.5877856,-0.8090167,0,-0.9510579,-0.3090126,0,-0.5877856,-0.8090167,0,-0.5877856,0.8090167,0,-0.9510579,0.3090126,0,0.5877856,0.8090167,0,0,1,0,0.6881894,-0.4999969,0.5257362,-0.2628688,-0.8090116,0.5257377,-0.8506479,0,0.5257359,-0.2628688,0.8090116,0.5257377,0.6881894,0.4999969,0.5257362,0.1624555,-0.4999952,0.8506544,0.5257298,0,0.8506517,-0.4253227,-0.3090114,0.8506542,-0.4253227,0.3090114,0.8506542,0.1624555,0.4999952,0.8506544]}