{"vertices":[0.5,-0.5,-0.5,0.5,-0.5,0.49999950000024995,-0.5,-0.5,0.49999950000024995,-0.5,-0.5,-0.5,0.5,0.5,-0.49999950000025,-0.5,0.5,-0.5,-0.5,0.5,0.49999950000024995,0.49999949999999993,0.5,0.5,0.5,-0.5,-0.5,0.5,0.5,-0.49999950000025,0.49999949999999993,0.5,0.5,0.5,-0.5,0.49999950000024995,0.5,-0.5,0.49999950000024995,0.49999949999999993,0.5,0.5,-0.5,0.5,0.49999950000024995,-0.5,-0.5,0.49999950000024995,-0.5,-0.5,0.49999950000024995,-0.5,0.5,0.49999950000024995,-0.5,0.5,-0.5,-0.5,-0.5,-0.5,0.5,0.5,-0.49999950000025,0.5,-0.5,-0.5,-0.5,-0.5,-0.5,-0.5,0.5,-0.5],"vertexIndices":[0,1,2,3,4,5,6,7,8,9,10,11,12,13,14,15,16,17,18,19,20,21,22,23],"texels":[]}